cluster_id,keywords
-1,wechat group scan code | sogou | chinese shopping sites | lululemon china | guanxi | blue ocean china | china luxury brands | china fashion | china food delivery app | negotiations in china | negotiation in china | negotiating with china | negotiating in china | superordinary | wechat and qq | tiffany and co in china | uniqlo in china | uniqlo china | china luxury goods | what sports are popular in china | rednote xiaohongshu | most popular sports in china | chinese shopping apps | china spirits | internet restrictions in china | china shopping apps | china luxury items | china luxury | pharma companies china | mother's day in china | mother's day china | mother day in china | lululemon chinese | guanxi in china | china mother's day | china alcohol | what is 996 culture | omnichannel ecommerce solutions | omni channel solution | omni channel ecommerce solutions | kwai #videos | jellycat china | ecommerce omnichannel solution | chinese douyin | china healthcare | li-ning company | guochao | douyin store | website hosted in china | top sports in china | official wechat account | official accounts wechat | official accounts on wechat | official account wechat | marketing en china | how to set up wechat pay | douyin mall | culture of food in china | counterfeit products in china | counterfeit goods: china | china pricing | china counterfeit products | china advertising | warehousing in china | shein expansion | omni-channel ecommerce platform | internet content provider china | hosting in china | host website in china | china supplements | china supplement | byhealth | smartphone market share china | market share china smartphone | lululemon direct from china | distribution in china | counterfeits in china | counterfeiting in china | counterfeit in china | china vitamins | china payment | china luxury market | china distributors | bonded in chinese | alibaba photography | what is guanxi | wechat groups | wechat group | wechat and weibo | qr codes in china | qr code in china | mlb in china | mlb china | marketing firms in china | kellogg's china | is rednote xiaohongshu | douyin influencers | douyin influencer | china website design | china luxury goods market | china animal testing | china and animal testing | cheese china | animal testing in china | animal testing china | xiaohongshu tiktok | wechat chinese | puma in china | market research industry in china | market research in china | esports in china | daxue | console games in china | chinese subcultures | china market research | china 3pl | cdn in china | cdn for china | b2b china | app stores china | 3pl china | xiaohongshu vs douyin | what is qq china | what is kuaishou | triboo | top 10 sports in china | tmall vs taobao | superordinary usa | negotiation with chinese | negotiating with chinese | negotiate with chinese | market research china | lululemon china stores | lululemon china store | little red book xiao hong shu | joint ventures in china | joint ventures china | is xiaohongshu rednote | internet use in china | gamified ecommerce | food delivery apps in china | food delivery apps china | food delivery app china | douyin ecommerce | douyin e-commerce | douyin e commerce | distributor chinese | diapering in china | advertising company in china | 9-9-6 culture | xiaohongshu red | xiaohongshu little red book | women's day china | what is feishu | water filter in china | vertical e-commerce | qixi festival 2026 | ppc china | online marketing in china | life style in china | jd ecommerce | internet marketing in china | international women's day in china | international women's day china | how does wechat payment work | group-buying platforms | group buying platform | group buy platform | douyin shop | china social media agency | china ppc | china payments | china mobile phone market share | china international women's day | china alcohol laws | cell phone market share china | brand shoes china | biggest chinese holidays | best chinese shopping apps | alibaba and tencent | advertising company china | website localization strategy | tampons china | suning china | subcultures in china | smartphone market in china | smartphone market china | shuigui | shopify for china | shein marketing | set up wechat pay | online mobile shopping in china | omnichannel strategy consulting | omni-channel ecommerce solution | omni channel ecommerce solution | lululemon china online | lululemon case study | how to get a chinese phone number for douyin | goofish china | fitness-china | fitness industry in china | fitness in china | fitness china | ecommerce enabler | e-commerce enabler | e commerce enabler | douyin vs xiaohongshu | douyin user search | does china require animal testing | chinese android app stores | chinese 3pl | china subcultures | china public relations | china luxury shopping | china bonded warehouse | bonded warehouse in china | bonded warehouse china | alo yoga china | 618 shopping festival | zhihu in english | xiaohongshu vs tiktok | xiaohongshu red note | xiao red | what is wechat official account | wechat vs weibo | wechat or whatsapp | unilever china | top chinese luxury brands | superordinary co | suning holdings group | suning commerce group | suning commerce | suning appliance | subcultures of china | subculture in china | sogou search | shopping apps in china | shopping apps china | shopping app in china | shein marketing strategy | shein competitor analysis | she-economy | products popular in china | popular product in china | popular pets in china | popular items in china | packaging design china | marketing company in china | marketing company china | marketing companies in china | localization in china | li ziqi store | kuaishou china | is site blocked in china | internet laws in china | idle fish alibaba | how to create a xiaohongshu account | guanxi in business | guanxi business | guanxi and business | general negotiating styles in china | ecommerce calendar 2025 | does china still require animal testing | does china require animal testing for cosmetics | delivery in china | chinese website localization | chinese negotiation style | chinese distribution companies | china package design | china food delivery companies | china counterfeiting | china counterfeit laws | china b2b marketplace | china b2b marketing | china b2b market | china b2b | branding companies in china | branding agency china | boohee | bonded zone | biggest holiday in china | b2b sites in china | b2b marketing in china | b2b marketing china | b2b chinese website | what is qq.com used for | shein e-commerce platform | pr in chinese | kol chinese | internet laws china | internet advertising in china | china marketing company | china marketing companies
0,chinese city tiers | china cities tier | second tier city | first-tier cities in china | first-tier cities china | first tier cities in china | first tier cities china | chinese tier cities | china first-tier cities | urban areas of china | tier 2 city china | second-tier city china | second tier city china | china second tier cities
1,what does the color red symbolize in china | what does red symbolize in china | what does red represent in china | what do colors mean in china | meaning of color in china | color symbolism in china | color symbolism china | color meanings in china | color meanings china | color meaning in china | chinese color symbolism | china color symbolism | what does the color yellow mean in china | color blue in chinese culture | what does the color green mean in china | what does the color blue mean in china | what does the color black mean in china | what does black symbolize in china | what does black represent in china | significance of the color red in china | significance of red in china | red meaning in china | red color meaning in china | off-white in china | meaning of colors in china | colors meaning in china
2,chinese influencers | chinese influencer | kol influencers | influencers kol | influencers in chinese | influencers in china | influencer in china | china influencers | china influencer | key opinion leaders china | key opinion leader china | kol influencer marketing | key opinion consumer | alibaba influencers | alibaba influencer | key opinion leader in chinese | key opinion leader agency | influencers china | influencer marketing in china | influencer marketing china | influencer china | china influencer marketing
3,medical device regulation china | medical device registration in china | medical device registration china | medical devices in china | medical devices china | medical device industry in china | medical device in china | medical device classification in china | medical device market in china | medical device market china | china national medical product administration | china medical devices market | china medical device market access | china medical device market
4,chinese new year by sales | mooncake festival gift | moon festival gift | mid-autumn festival gifts | mid autumn festival gifts | mid autumn festival gift | gift-giving in chinese culture | gift giving in chinese culture | gift giving chinese culture | chinese gift-giving culture | chinese gift giving culture | gift giving china | giving gifts in china | gift-giving in china | gift giving in china | china gift giving | luxury lunar new year gifts | chinese new year shopping | lunar new year marketing | lunar new year ad | chinese gift giving | lunar new year ads | chinese new year promotions | chinese new year infographic
5,search engine baidu | baidu search engine | chinese search engine baidu | baidu chinese search engine | chinese search engines baidu | baidu vs google | baidu search index | china search engine baidu | google and baidu | baidu and google | does bing work in china | baidu china search engine | baidu search engines china
6,popmart chinese | popmart china | pop mart chinese | pop mart china | is popmart chinese | is pop mart chinese | is popmart from china | popmart in china | pop mart in china | popmart market | taobao popmart | pop mart store in china | pop mart competition | popmart taobao | popmart office | popmart forest | popmart annual report
7,average wage china | china's average income | average china wage | average china income | china median income | china demographic data | middle class of china | middle class in china | middle class china | minimum wage in china in us dollars | chinese middle class | average yearly income china | chinese middle class growth | china's middle class growth | china growing middle class | middle class in china percentage | is there a middle class in china | china middle class percentage | size of china's middle class | china middle class size | china birth rate 2023 | middle class population in china | household savings rate china | china middle class population
8,chinese search engine | search engines of china | search engines in china | search engines for china | search engines china | search engine in china | search engine china | china search engines | china search engine | china engine search | search engine optimization in china | top search engines in china | top search engine in china | top search engine china | top china search engines | popular search engine in china | largest search engine in china | biggest search engine in china | chinese search engines | what search engine does china use | what search engine do chinese use | most popular search engines in china | most popular search engine in china | china most popular search engine | what search engine to use in china | what search engine is used in china | sogou search engine | search engines in china with english | search engine in china english | qihoo 360 search engine | china's search engine | what is china's search engine | what is china search engine | what search engine do they use in china | top chinese search engines | search engine market share in china | search engine market share china | main search engine in china | chinese top search engine | chinese google equivalent | china search engine marketing | what is the most popular search engine in china | china search engines list | best search engine for china | best search engine china | wechat search engine | tencent search engine | shenma search engine | search engine which is most popular in china is | qihoo search engine | paid search in china | shenma search
9,seo in china | seo for china | search engine optimization china | china seo | seo company in china | seo company china | china seo service | china seo company | china seo agency | chinese seo company | chinese seo | china seo tool
10,baidu tieba | baidu news | seo on baidu | seo in baidu | seo for baidu | seo baidu | baidu seo optimization | baidu search engine optimization | english baidu | baidu advertising | baidu ads | baidu ad | baidu apps | baidu seo tool | baidu seo tools | baidu rank tracking | what does baidu do | baidu seo services | baidu seo service | baidu seo agency | baidu meaning | advertise on baidu | baidu index | baijiahao | baidu tracking | baidu ppc advertising | baidu ppc | what is baidu used for | submit site to baidu | baidu what is it | baidu serp | how to use baidu | baidu webmasters | baidu trends | baidu sem | baidu search engine marketing | baidu agency | how to advertise on baidu | how to advertise in baidu | baidu ppc agency
11,baidu registration | baidu register | baidu create account | baidu accounts | baidu account | make baidu account | how to make baidu account | how to create baidu account | create baidu account | create a baidu account | baidu account create | how to create a baidu account | how to register baidu account outside china
12,china's tiktok | tiktok china | china tiktok | china's version of tiktok | china version of tiktok | tik tok in china | what is tiktok called in china | tiktok chinese version | what is chinese tiktok called | tiktok china name | how to get china tiktok | wechat tiktok | tik tok in china vs us | rednote vs tiktok | what is tiktok in china | tiktok name in china | is tiktok shop from china | how to get chinese tiktok | chinese tiktok version | china tiktok version | what is chinese tik tok | tiktok vs rednote | tiktok in china name | tik tok in china name | is tiktok used in china | is tiktok different in china | bob kang tiktok | tiktok usage in china | tiktok shop china | tiktok china food | the chinese tiktok | littlered tiktok | little red tiktok | chinese tiktok trends | china tiktok trend | tik tok china vs us | red note vs tiktok | does tiktok exist in china | what is tiktok like in china
13,what is little red book | red book app | little red book chinese | little red book app | redbook chinese | redbook china | little red book in chinese | what is redbook | what is red book | redbook chinese app | redbook china app | little red book social media | the little red book app | redbook social media | red china app | red book social media | little red note app | little red book chinese app | what is the red app | redbook app china | red app chinese | little red book website | little red book restaurant | little red book china app | chinese red app | china red app | social media red | red book website | little red book app in english | red book app china | little red book stock | chinese red book app | what is the little red book china | virtual red envelopes | rednote little red book | little red book marketing | little red app | what is redbook social media | what is redbook app | what is red book social media | what is red book app | what does redbook mean | the red book app | little red book app china | chinese app red book | what does little red book mean | red book news | little red book in mandarin
14,rednote chinese name | can you make money on rednote | does rednote pay creators | newrank | rednote online | rednote chinese | rednote community guidelines | redads | rednote name in chinese | rednote meaning | how to invest in rednote | rednote monetization | rednote advertising | rednote shop | rednote stickers | rednote guidelines | rednote followers | rednote user agreement | celebrities on rednote | what is rednote used for | what is rednote called in china | rednote owner | rednote algorithm | rednote ads | how to get followers on rednote | can you get paid on rednote | rednote rules | rednote apple store
15,dianping | dian ping | toutiao search | dianping app | meituan-dianping | meituan dianping | dianping english | meituan company | meituan china | da zhong dian ping | what is meituan | yitiao | toutiao news | meituan ai
16,tmall site | tmall | t-mall | t mall | tmall global | tmall chinese | tmall china | china tmall | tmall website in english | tmall in english | tmall english | what is tmall | tmall app | tmo company | tmall usa | tmall shopping online | tmall online store | tmall online shopping | tmall luxury pavilion | tmall inc | tmall hong kong | tmall loreal | tmall international website | tmall international | tmo group | tmall adidas | tmall 618 | adidas tmall | 618 tmall | tmall stores | tmall store | tmall shops | tmall shopping | tmall shop | tmall global english | jd mall china
17,taobao mall | taobao web | taobao china website | taobao china | china website taobao | china taobao | taobao online store | what is taobao | taobao what is | taobao registration | taobao global | taobao store | taobao international | taobao marketplace | taobao market | taobao ecommerce | taobao e-commerce | taobao e commerce | websites like taobao | taobao worldwide | taobao world | taobao alternatives | sites like taobao | brand taobao | tmall and taobao | taobao live | taobao and tmall | alibaba vs taobao | taobao vs tmall | taobao.com online shopping | taobao official site | taobao 1688 tmall jd | taobao food | taobao chinese website | taobao china site | international taobao | apps like taobao | taobao what is it | taobao online | taobao livestream | taobao live streaming | taobao chinese websites | taobao best sellers | taobao best seller | sale taobao
18,chinese data protection law | chinese data privacy laws | china data protection law | chinese data security law | china data privacy law | chinese data privacy law | china's data security law | china privacy law | china privacy laws | data security law china | data protection china | data privacy in china | data privacy china | china internet laws | china data protection | china data privacy | do chinese companies have to share data with government
19,fliggy | icp registration | icp register | fliggy travel | what is fliggy | china pipl | pipl china | icp license in china | icp license china | icp licence china | icp in china | icp china | china icp license | china icp | icp license | icp licence | what is fliggy travel | icp filing | fliggy review | pipl law | pipl compliance | inpock
20,walmart china | costco in china | costco china | costco and china | china costco | walmart in china | sam's club china | costco shanghai china | costco shanghai | costco in shanghai | costco china locations | sam's club in china | china sam's club | is costco in china | costco advertising strategy | walmart and china | sam's china | how many costco in china | sam's club shanghai | costco ownership china | how many costcos in china | costco china website | how many costco stores in china | costco hangzhou | costco chinese name | sam's club china website
21,douyin/tiktok | douyin tiktok | douyin vs tiktok | tik tok douyin | douyin chinese tiktok | chinese tiktok douyin | is douyin the same as tiktok | chinese tik tok douyin | china tiktok douyin | is douyin tiktok | is douyin and tiktok the same | is douyin rednote | douyin vs rednote | douyin tiktok china | douyin and tiktok | is rednote douyin
22,single day 2025 | what is single day | when is singles day | singles day when | when is singles day 2025 | alibaba supermarket | singles day chinese | chinese single day | singles day sales 2025 | singles day sale 2025 | single day sales 2025 | singles day 2024 | alibaba's singles day | alibaba singles day | alibaba and singles day | singles day sales alibaba | singles day alibaba sales | single day sales alibaba | alibaba singles day sales | alibaba singles day sale | alibaba single day sales | alibaba sales singles day | alibaba sales on singles day | international singles day 2025
23,11/11 china | 11-11 day | sales 11/11 | 11/11 sales | singles day 11 11 | single day 11/11 | 11/11 singles day | 11 11 singles day | 11 11 single day | singles day november 11 | singles day nov 11 | singles day 11th november | single day november 11 | nov 11 singles day | 11.11 singles day | what is 11/11 day | nov 11 in china | double eleven china | double 11 china | china double eleven | china double 11 | china 11.11 | 11.11 in china | 11.11 china | black friday in china | double eleven shopping festival | double 11 shopping festival
24,dewu | pinduoduo.com english | pinduoduo vs temu | what is pinduoduo | what is pin duo duo | pinduoduo subsidiaries | dewu app | pinduoduo temu | pin duo duo temu | dewu shoes | what does pinduoduo do | kuajing pinduoduo | temu pinduoduo | pin duo duo china
25,wechat mini programs | program mini | miniprogram | how to set up alipay | alipay global | alipay account | wechat applet | set up alipay | alipay setup | alipay payment methods | wechat mini apps | wechat mini app | alipay mini program | wechat mini program development | alipay mini apps | alipay mini app | what is a mini app | wechat mini-games | how to register alipay | what are mini apps | wechat mini | how to create alipay account
26,what is bilibili | bilibili china | bilibili what is it | whats bilibili | bilibili shop | bilibili global | bilibili chinese youtube | is bilibili chinese youtube | bilibili vs youtube | bilibili video platform | bilibili live streaming | what is bilibili in china | what does bilibili do | bilibili online
27,weidian | wecom | what is weibo | weibo what is it | weibo meaning | weibo in english | weibo english site | weibo english | weibo means | weibo intl | weibo international | international weibo | what is wecom | weibo in china | weibo chinese | what is weibo used for | weibo search engine | sina weibo what is it | weimob | wechat weibo | weibo accounts | register weibo | what's on weibo | what is weidian | what is weibo in china | what is sina weibo | weibo.com english version | weibo social media | weibo english version | weibo advertising | weibo ads | weibo ad | how to use weidian | how to make weibo account | create weibo account | create a weibo account | advertising on weibo | weibo web version | weibo marketing | weibo english app | weibo app in english | chinese weibo | weidian sign up | weibo sina english | weibo chinese social media | weibo china app | sina weibo in english | sina weibo english site | sina weibo english | how to use weibo | how to open weibo account | how to create weibo account | how to create a weibo account | chinese social media weibo | wecom hk
28,chinese social media | social media chinese | social media of china | social media china | social media and china | china social medias | china and social media | social media in china | social media for china | facebook is banned in china | china's social media | china social media | chinese social media apps | chinese instagram | chinese social media app | chinese social media platforms | chinese social media platform | chinese netizens | china's instagram | chinese social apps | chinese bloggers | social media apps china | social media app in china | social media app china | social apps in china | social apps china | china video apps | china social media apps | china social app | social media marketing china | social app in china | qq social media | chinese social websites | chinese social media websites | chinese social media sites | chinese everything app | what social media does china use | what social media do chinese use | wechat chinese apps | top china apps | social medias banned in china | social media marketing in china | is there instagram in china | chinese social | china social media marketing | social media platforms in china | social media platforms china | social media platform in china | social media platform china | most popular social networks in china | most popular social network in china | most popular social media china | most popular apps china | is facebook illegal in china | china social media platforms | china most popular social media | china most popular apps | what emails work in china | what email works in china | top apps china | new chinese social media app | chinese social networks | chinese social network | china's version of facebook | china social network | what social media is allowed in china | wechat social media marketing | popular chinese social media apps | netizen china | famous social media in china | chinese social media networks | chinese social media network | chinese sns | china top apps | china netizens | best social media in china | what apps are allowed in china | top social media in china | top social media china | top 10 china social media | redes sociales en china | redes sociales chinas | popular social networks in china | popular social media china | popular social media apps in china | most used apps in china | most used app in china | h5 apps | facebook in china alternative | facebook alternative china | does facebook messenger work in china | chinese social media marketing | chinese social media like facebook | china top social media | chat apps for china | can you use social media in china | top social media apps in china | top social media app in china | social commerce solutions | social commerce in china | social commerce china | redes sociales china | facebook alternative in china | chinese social media company | china social commerce | china facebook alternative
29,vipshop | vips shop | vip shop | vip.com china | vip com china | www 1688 com english version | vips shop online | vip shop online | vip.com english | vip com in english | vipshop china | vips online store | vip.com in english | vip online store | 1688/2 | vipshop online
30,hylink | wechat web | wechat accounts | wechat register | wechat open account | wechat live streaming | wechat live stream | wechat account creation | wechat moment | wechat and china | wechat official accounts | wechat official account | wechat advertising | wechat advertisement | wechat ads | wechat with facebook | wechat social media | wechat ownership | wechat on website | wechat on the web | wechat newsletter | wechat news | wechat for website | wechat channels | wechat channel | wechat business | wechat upgrade | wechat marketing | wechat features | wechat videos | wechat video | wechat users | wechat live | wechat-bot | wechat on computer | wechat id examples | wechat bots | wechat bot | wechat-need-web | wechat works | wechat work | wechat uses | wechat subscription account | wechat salesforce integration | wechat public accounts | wechat public account | wechat post | wechat keywords | wechat interface | wechat artificial intelligence | wechat ai | wechat what is it | wechat stores | wechat store | wechat shops | wechat service accounts | wechat search | wechat salesforce | wechat profiles | wechat operating system | wechat message template | wechat functions | wechat functionality | wechat function | wechat for enterprise | wechat for company | wechat enterprise | wechat company | wechat business group | wechat business account | ip collaboration | wechat what is | wechat top stories | wechat story | wechat stories | wechat search id | wechat official website | wechat moments advertising | wechat moment advertising | wechat moment ad | wechat means | wechat marketing strategy | wechat marketing strategies | wechat marketing services | wechat links | wechat crm | wechat agent | wechat agency china | wechat agency | wechat value | wechat users number | wechat user numbers | wechat user number | wechat services | wechat service | wechat sellers | wechat seller | wechat revenue | wechat post video | wechat platform | wechat official | wechat number of users | wechat multiple account | wechat monthly users | wechat moments ad | wechat marketing in china | wechat marketing china | wechat marketing agency | wechat food | wechat articles | wechat article | wechat advertising agency | wechat active users
31,chinese streaming platforms | chinese streamers | china streamers | streaming china | chinese livestream | chinese live-streaming | chinese live streams | chinese live streaming | chinese live streamers | chinese live stream | china streaming | chinese live streaming app | china stream | china live streaming app | china live streaming apps | streaming services in china | streaming service in china | livestream in chinese | livestream china | live streaming in chinese | live stream chinese | chinese streaming apps | chinese live shopping | china live streaming shopping | china live stream | app live stream china | live streaming china | chinese live streamer | china live streamers | china live streamer | livestream shopping china | live stream shopping china | live shopping china | chinese live streaming platforms | chinese live streaming platform
32,youtube of china | youku tudou | youtube en china | youtube in china | youtube for china | chinese youtube equivalent | chinese video websites | chinese video sites | china video websites | youtube china alternative | youtube alternative china | china youtube alternative | alternative of youtube in china | alternative for youtube in china | youtube alternative in china | youtube alternative for china | youku in china | youku chinese | youku china | what is youku | what is the chinese youtube | china's version of youtube | youtube equivalent in china | youtube china equivalent | chinese video platform | china youtube equivalent | china video platform | china equivalent of youtube | billy billy chinese youtube | what is the chinese version of youtube | video production in china | video production china | chinese video platforms | chinese short video apps | chinese short video | china short video app | china short video | what does china use instead of youtube | youku chinese youtube | what is china's version of youtube | china short video apps
33,wechat payment | wechat pay | payment with wechat | weixin payment | tenpay | wechat pay united states | wechat pay foreign credit card | wechat foreign credit card | wechat palmpay | wechat wallet foreigners | wechat pay international | wechat palm payment | wechat apple pay
34,payment in china | chinese payment apps | wechat china payment | payment systems in china | payment system in china | payment system china | china payment systems | china payment system | payment method in china | mobile payments in china | mobile payments china | mobile payment in china | mobile payment china | mobile pay china | chinese mobile payment | china payment methods | china payment method | china payment app | china mobile payments | china mobile payment | china mobile pay | palm payment china | chinese payments | chinese payment systems | china's payment system | cashless in china | wepay china | china wepay | cashless society china | paypal unionpay china | digital payments in china | chinese payment methods | digital payment in china | china pay system
35,coach inc competitors | daxue consulting | china consultants | china consultancy | pr firms china | cn consulting | chinese consulting | china business consulting services | china business consulting | china business consultants | china business consultant | business consulting in china | business consultants in china | business consultant in china | business consultant china | chinese consulting firms | chinese consulting company | chinese consulting companies | chinese business consulting firms | chinese business consultants | chinese business consultant | china consulting company | customer data platform consulting | consulting in china | consulting china | consultants in china | business consulting china
36,what do we sell to china | selling to china | selling in china | sell to china | best place to sell china | selling into china | sell in china | how to sell to china online | how to sell to china | how to sell online in china | how to sell into china | how to sell in china online | how to sell in china | how to invest in chinese market
37,registration company in china | register company in china | business protocol in china | doing business in china | conducting business in china | china business culture | business culture of china | business culture china | how to start business with china | how to start business in china | corporation in china | setup company in china | setting up business in china | set up company china | register in china | due diligence china | china company set up | chinese company license | chinese business license | business opportunities in china | starting a business in china as a foreigner | how to do business in china | china business opportunity | can you start a business in china | business practice in china
38,xiao hong shu | xiao hong shu meaning | xiao hong shu website | what is xiao hong shu | what does xiao hong shu mean | xiao hong shu translation | xiao hong shu ads | xiao hong shu sign up | xiao hong shu marketing | red xiao hong shu | xiao hong shu fashion | xiao hong shu advertising | xiao hong shu online | xi hong shu | xiao hong shu in chinese | how to use xiao hong shu
39,xiaohongshu | xiaohongshu meaning | xiaohongshu website | what is xiaohongshu | what does xiaohongshu mean | xiaohongshu.com | xiaohongshu com | xiaohongshu review | xiaohongshu rednote | xiaohongshu in english | guochao fashion | xiaohongshu marketing | xiaohongshu advertising | xiaohongshu ads | xiaohongshu chinese | what is zhihu | xiaohongshu shop | xiaohongshu rules | xiaohongshu hashtags | xiaohongshu fashion | xiaohongshu emoji guide | xiaohongshu community guidelines | xiaohongshu ad | xiaohongshu account | how to create xiaohongshu account | xiaohongshu users | xiaohongshu search | xiaohongshu register | xiaohongshu customer service | xiaohongshu company | red book xiaohongshu | pro xiaohongshu | xiaohongshu china | how to use xiaohongshu | xiaohongshu terms of service | xiaohongshu owner | xiaohongshu in chinese characters | xiaohongshu create account | xiaohongshu characters | translate xiaohongshu | best time to post on xiaohongshu
40,douyin | douyin meaning | douyin accounts | douyin id | douyin account | douyin definition | douyin chinese | douyin china | douyin live | daigou | douyin meaning fashion | douyin livestream | douyin live streaming | douyin videos | douyin video | douyin app store | douyin search | douyin pay | douyin news | douyin what is it | douyin interface | douyin in chinese | douyin social media | douyin china app | douyin advertising | douyin ads | douyin profile | douyin chinese app | douyin online | douyin trends | douyin trend | douyin streaming | douyin registration | douyin register | douyin platform | douyin official website | douyin kol | douyin data | douyin create account | douyin def | douyin company
41,what is douyin | what does douyin mean | what is douyin style | how to get douyin | what is a douyin | how to use douyin | live douyin | what is douyin app | que es douyin | bytedance douyin | create douyin account | chinese phone number for douyin
42,consumer confidence china | china consumer confidence | chinese consumers | behaviour of chinese | sustainable china | sustainability in china | sustainability china | chinese consumer | china sustainability | china and sustainability | advanced consumer research | consumers in china | china consumers | consumerism china | china consumerism | hong kong consumer behaviour trends | consumer behaviour and culture | consumer behavior in hong kong | chinese consumers behavior | chinese consumer habits | chinese consumer behaviour | chinese consumer behavior
43,register for wechat | how to apply wechat account | get wechat account | create account wechat | activate wechat id | how to work wechat | how to set up a wechat group | open wechat account | subscription account wechat | how to verify wechat account | how to setup wechat | how to set up wechat | how to set up wechat id | upload video to wechat | how to post on wechat | how to post in wechat | how to advertise on wechat | how to advertise in wechat
44,what is wechat | mini program wechat | mini program in wechat | what is wechat used for | what is wechat application | what is the wechat app | web of wechat | news wechat | facebook wechat | facebook and wechat | how does wechat work | business wechat | whatsapp vs wechat | weibo wechat | weibo and wechat | walkthechat | use of wechat | online wechat | wechat group chat | search wechat | salesforce wechat | qq vs wechat | group chat wechat | group chat on wechat | enterprise wechat | we run wechat | is wechat social media | whatsapp and wechat | what is wechat in china | what is wechat app used for | what does wechat do | what can you do with wechat | what can you do on wechat | weibo vs wechat | integrate wechat on website | how many users does wechat have | bullet chat
45,ikea china | electronics stores china | consumer electronics in china | consumer electronics china | china market electronics | china consumer electronics | household products china | home appliances in china | home appliances china | china home appliances | smart home in china | smart home china | smart home appliance market | home decoration in china | home decor in china | home accessories in china
46,chinese beauty ideal | chinese beauty | china's beauty | standard of beauty in china | ideal beauty in china | beauty standards in china | beauty standards china | beauty standard china | beauty standard in china | what is c-beauty | what is c beauty | chinese beauty trends | what is the chinese beauty standard | what is the beauty standard in china | what are chinese beauty standards | belleza en china | beauty trends in asia
47,chinese beauty brands | chinese skincare | china skincare | makeup china | k beauty market | sephora cn | sephora china | china fragrances | china fragrance | toothpaste in china | sephora in china | estée lauder china | chinese haircare | china sephora | mary kay in china | mary kay china | l'oréal china | l'oreal china | kol industry | cosmetics industry in china | cosmetics industry china | cosmetics in china | cosmetic industry in china | cosmetic industry china | china cosmetics industry | china cosmetics | china cosmetic industry | china cosmetic | skincare in china | skincare china | skin care in china | skin care china | lancome china | china beauty makeup | popular chinese makeup brands | lancôme china | safe regulations china | perfume market in china | makeup brands in china | loreal marketing strategies | l oreal travel retail | l occitane wholesale | cosmetic regulations in china | cosmetic brands china | china perfume market | china makeup brand | china fragrance market | china cosmetics regulation | china cosmetics brand | china cosmetic regulations | china cosmetic regulation | china cosmetic brand | china brand makeup | china brand cosmetics | brand makeup china | shampoo in china | shampoo china | l'oréal travel retail | l occitane competition
48,baozun | genki forest | bzun | youzan | nasdaq:bzun | nasdaq: bzun | what is mz generation | china youzan | generation z china | chozan | chinese genz | chinese generation z | chinese gen z | nihub | millennials in chinese | baozun inc | baozun asia | chinese generations
49,chinese amazon equivalent | chinese amazon competitor | chinese competitor to amazon | ebay equivalent in china | chinese ebay equivalent | china's amazon | amazon of china | chinese website like amazon | chinese sites like amazon | chinese site like amazon | chinese company similar to amazon | chinese company like amazon | chinese companies like amazon | chinese amazon alternative | china version of amazon | what is the chinese version of amazon | equivalent of amazon in china | chinese online store like amazon | china equivalent of amazon | china amazon alternative | amazon chinese competitor | is amazon banned in china | china's equivalent to amazon | asian amazon equivalent | what is the chinese amazon called | chinese ebay alternative | china ebay alternative
50,china cross | cross border e-commerce platform | cross border e commerce platforms | cross border e commerce platform | cross border ecommerce in china | cross border e commerce in china | cross border e commerce china | ecommerce customs clearance | cross border e-commerce china | china cross-border e-commerce | china cross border ecommerce | china cross border e commerce
51,imported spirits | legal drinking age china | coffee china | starbucks in china | beverage china | drinks in china | china's starbucks | china-china alcohol | alcohol in china | alcohol china | coca cola and china | heytea china | tequila china | coffee business in china | beer in china | tim hortons china | starbucks competitors in china | starbucks competitor in china | starbucks competition in china | beverages in china | whiskey in china | whiskey china | what is heytea | what alcohol do chinese drink | starbucks selling china business | red bull in china | chinese instant coffee | china joint ventures | water purifiers in china | tequila in china | joint venture with china | energy drinks in china | energy drinks china | energy drink in china | energy drink china | alcohol laws china | tims china | tim hortons positioning | tim hortons in china | nespresso in china | nespresso china | monster energy in china | is coffee popular in china | how many luckin coffee stores in china | coffee market in china | coffee market china | cereal market share | tea companies in china | starbucks joint venture in china | starbucks joint venture china | manner coffee china | heytea ipo | costa coffee china | coffee consumption in china | coffee consumption china | coffee chains in china | china coffee market | china coffee consumption | china beer market | china alcohol consumption | capsule coffee market | beer market china | alcohol consumption in china | alcohol consumption china
52,jingdong | jing dong | jd worldwide | jingdong mall | jd com inc | jd china | j d china | china jd | yunjis | jd company | jissbon | jd.com online shopping | jd com online shopping | gmv 1.1 | jd.com china | j d health | julian reis | jingdong china | jing dong china | what does jd.com do | what does jd com do | what is jd logistics | jd shopping | ashley dudarenok | yunji app | jv in china | jd com e commerce | jd com company | jd chinese website | jd china website | is judydoll chinese | yum china subsidiaries | jd.com english | jd worldwide website | jd e-commerce | jd e commerce | jd com english | jd chinese company | j d com english | bob kang | miranda qu | lemon8 parent company | judydoll china | jingdong usa | jingdong shopping | www jd com china | julian reis superordinary | judydoll in chinese | jd seller | jd cn | jd china company
53,chinese marketplace app | chinese online marketplaces | chinese online marketplace | chinese markets online | chinese marketplace online | online wholesale market in china | chinese marketplaces | marketplace china online | market online china | china marketplace online | china market online | marketplace china | online marketplace in china | online marketplace china | chinese market website | china online marketplace
54,marketing kol | kol marketing | kols in marketing | kol in marketing | market sizing example | kols marketing | kol marketing term | market entry strategy in china | market entry strategy for china | market entry strategies for china | market entry strategies china | market entry in china | entry strategy china | china market entry strategy | market sizing question | market entry strategy china | market entry china | china market entry | china entry strategy | tiffany & co marketing | marketing strategy in china | marketing strategy china | marketing strategies in china | china marketing strategy | china marketing strategies | o2o strategies | market entry services | kol marketing strategy
55,wofe | etoc | kol stands for | secoo | coo effect | what is koc | o2o meaning | kol koc | kocs | kols in china | kols china | kol in china | china kols | china kol | what is kol stand for | what does koc stand for | what is a koc | kol in chinese | koc stand for | koc meaning business | chinese kols | chinese kol | koc stands for | koc marketing | kaola website | top kol
56,chinese online stores | chinese online shopping | retail stores in china | china retail | retailers in china | online shopping sites in china | china store online | china online shopping | shopping website in china | china shopping websites | online shopping stores in china | online shopping store china | china website shopping | china online store | online store alibaba | china purchase online | buying online in china | chinese online retailers | new retailing | pharmacy online china | top chinese shopping sites | online shopping in china | in china online shopping | electronic shopping in china | china resellers | china online retailers | china online retail | carrefour cn | carrefour china | chinese retailers online | chinese retail online | webuy china | shopify of china | online shopping china | top 10 online shopping in china | poizon china shop | china retail websites | top retailers in china | top retailers china | major retailers in china | largest retailers in china
57,ecommerce china | e commerce chinese | e commerce china | chinese ecommerce website | chinese ecommerce giant | chinese ecommerce | chinese e-commerce websites | chinese e-commerce sites | chinese e-commerce giants | chinese e-commerce giant | chinese e-commerce | chinese e commerce sites | chinese e commerce giant | china ecommerce | china e-commerce website | china e-commerce site | china e-commerce | china e commerce website | china e commerce industry | china e commerce | chinese e-commerce companies | chinese e commerce company | chinese e commerce companies | china e-commerce companies | china e commerce companies | luxury e commerce platforms | ecommerce companies in china | e commerce company in china | e commerce company china | e commerce companies china | china e commerce company | ecommerce in china | e-commerce in china | e-commerce company in china | e commerce companies in china | ecommerce agency china | chinese e-commerce platforms | chinese e-commerce market | chinese e commerce platforms | chinese e commerce market | china's e-commerce market | china's e commerce market | china ecommerce agency | china e-commerce market | china e commerce platforms | china e commerce market | e commerce asia | ecommerce sales data | chinese ecommerce market share | chinese e-commerce market share | chinese e commerce market share
58,ice cream in china | winona china | china confectionery | chocolate china | yogurt in china | olive oil china | olive oil in china | mooncake in china | haagen-dazs in china | haagen dazs china | dove chocolate china | oliveyoung china | olive young china
59,china market food | food importers china | food import china | import food in china | exporting into china | breakfast foods in china | food products in china | dog food china | country origin effect | country of origin effects | infant formula in china | infant formula china | food safety in china | china food import | china pet products | poizon china | food distributors in china | food distribution in china | china food distribution | vitamins in china | pet supplies in china | pet food industry china | pet food in china | pet food china | china pet food | china food habits | protein in china | pet food market in china | pet food market china | china pet food market | are supplements from china safe | supplements in china | organic food in china | organic food china | food supplements china | food industry in china | food industry china | food exports to china | food export to china | food export china | exporting food to china | export food to china
60,china market | barbie china | wechat china | tesla in china | pr china | yiwu market china | what is kwai | seo china | news china market | lego in china | china's market | miu miu china | marketing china | china marketing | china ads | barbie in china | maimai chinese | 3c market | aldi china | 9-9-6 china | china toy | china lego brand | lego marketing strategy | china registration | china behavior | alo china | patagonia in china | maimai china | kol china | china dx | china chic | china 618 | chanel chinese | automotive market china | wofe china | what is 618 | toys fair china | toys expo china | toys exhibition china | the china market | supply chain management in china | shoes market china | patagonia china | mattel in china | mattel china | converse china | china toys expo | china toy fair | china toy expo | china tok | akamai china | 996 china meaning | 618 china | ximalaya fm | watches in china market | watch market in china | watch market china | sial china shanghai | sial china | lamer china | la mer in china | la mer china | kwai china | china watch market | china market china | china kwai | blind boxes china | aldi in china | vip china | toys market in china | toy market in china | tesla in china market | popular toys in china | new toys china | lyfen china | lego distribution channel | kol market | esg in china | china toys market | china toy market | china m&a | chat en china | aldi shanghai | supplier audit china
61,digital marketing companies in china | digital marketing agency in china | digital marketing agency china | digital marketing agencies in china | digital marketing agencies china | china digital marketing agency | digital marketing in china | digital marketing china | chinese digital marketing | china digital marketing | digital agency in china | digital agency china | chinese digital agency | china digital agency | social media agency china | social marketing agency china | china online marketing | content marketing in china | content marketing china | chinese digital marketing agency | chinese digital marketing agencies | china content marketing | web agency china
62,chinese sportswear brands | sportswear in china | china sportswear | china sports apparel | adidas and china | streetwear in china | streetwear china | under armour in china | under armour china | china under armour | chinese sportswear companies | nike china sales | nike and china | china sportswear brands | china sport brand | under armour in chinese
63,street fashion in china | china's fashion trends | street wear china | china footwear | urban chinese street fashion | trends in china | fashion trends in china | fashion trends china | fashion trend in china | fashion trend china | fashion china | chinese fashion trends 2025 | china trends | china fashion trends | fast fashion in china | china beauty trends | fast fashion china | fashion industry china | china's fashion industry | china fast fashion | china fashion industry
64,chinese advertising | advertising in china | advertisements in china | advertise in china | ads in china | pay per click china | advertising chinese | tencent advertising | mobile advertising in china | mobile advertising china | china mobile advertising | online advertising in china | china online advertising | china internet advertising
65,marketing agency china | marketing agencies in china | china marketing agency | china marketing agencies | agency marketing china | chinese marketing agency | chinese marketing agencies | china ad agency | advertising companies in china | advertising agency china | advertising agencies in china | ad agency in china | ad agency china | shanghai marketing agency | public relations agency china | pr agency china | pr agencies in china | china pr agency | china advertising agency | advertising agency in china | pr agency shanghai | kol agency | china agency | china agencies
66,branding china | gucci in china | zara in china | ralph lauren in china | ralph lauren china | designer brands in china | designer brands china | prada in china | french china brands | la mer branding | dolce and gabbana in china | dolce & gabbana china | calvin klein china | branding in china | victoria's secret in china | songmont brand | gucci chinese | chinese brand name | burberry china | brand name in chinese | top chinese brands | china on luxury brands | yum brands in china | tommy hilfiger china | brandy melville in china | hermes in china | brand name clothing in china | popular brands in china | is songmont a chinese brand | imported brands
67,luxury goods china | luxury brand pyramid | chinese luxury market | chinese luxury goods market | chinese luxury | china's luxury market | luxury items in china | luxury industry in china | luxury brand china | luxury fashion market in china post pandemic | luxury market in china | luxury market china | luxury goods market in china | luxury goods market china | luxury goods consulting | luxury brands asia | luxury pavilion tmall | luxury brands positioning | luxury brand positioning | luxury pavilion | luxury stores in china | luxury shopping in china | luxury shopping china | size of luxury goods market | influencer marketing luxury brands | demographics of luxury consumers
